,support,mape,rmse,mae,r2
train,24680.7,0.3906,1983041.0631000001,1216946.5042,0.8302999999999999
cv,1375.3,0.40700000000000003,2903100.4784000004,1499347.2068999999,0.7219
unobserved,1536.3,0.43760000000000004,2790028.0127,1493762.4526,0.6963
