,support,mape,rmse,mae,r2
train,24680.7,0.3908,1983365.1684,1217291.5231,0.8302999999999999
cv,441.2,0.4591,3262156.7408,1640817.3917999999,0.6281000000000001
unobserved,504.1,0.49319999999999997,2867834.0818999996,1538087.8252000003,0.6471
