,support,mape,rmse,mae,r2
train,24680.7,0.3908,1983365.1684,1217291.5231,0.8302999999999999
cv,2301.1,0.4396,2616841.7647,1424901.4277000001,0.6859
unobserved,2543.9,0.4575,2508535.9029,1424437.8656,0.673
