,support,mape,rmse,mae,r2
train,24680.7,0.3906,1982708.2664,1216886.5611999999,0.8305
cv,2562.2,0.43970000000000004,2517086.212,1384234.6545,0.6530000000000001
unobserved,2815.7,0.4546,2384158.4778,1350487.4304,0.6472
