,support,mape,rmse,mae,r2
train,24680.7,0.39100000000000007,1983137.2739,1217665.5052,0.8302999999999999
cv,2468.6,0.42540000000000006,2485941.7659,1350414.8746,0.6458
unobserved,2724.2,0.4351,2306128.3984000003,1302265.1694,0.648
