,support,mape,rmse,mae,r2
train,24680.7,0.39100000000000007,1983137.2739,1217665.5052,0.8302999999999999
cv,273.7,0.5984,4276345.147,2437429.1502,0.7155
unobserved,323.8,0.7061999999999999,4175492.4696000004,2627081.4994,0.6684
