,support,mape,rmse,mae,r2
train,24680.7,0.3906,1982708.2664,1216886.5611999999,0.8305
cv,180.1,0.4857,4840804.7708,2530057.6206,0.7097
unobserved,232.3,0.5681,4208824.3414,2553870.8934000004,0.7113
