,support,mape,rmse,mae,r2
train,1182.6,0.028800000000000003,10129.108100000001,4995.3266,0.9834999999999999
cv,126.2,0.08549999999999999,21481.044800000003,14446.655900000002,0.9080000000000001
unobserved,141.9,0.08539999999999999,24323.021,15164.4042,0.8728
