,support,mape,rmse,mae,r2
train,1182.6,0.028900000000000002,10241.5409,5016.3661999999995,0.9833000000000001
cv,127.1,0.0914,25288.2557,15415.4891,0.8879999999999999
unobserved,140.6,0.089,33908.211599999995,17279.576100000002,0.8371999999999999
