,support,mape,rmse,mae,r2
train,16718.4,0.16210000000000002,41409.956900000005,28431.985399999998,0.8705999999999999
cv,24.6,0.4617,79072.6649,61151.52109999999,0.5512999999999999
unobserved,33.4,0.7795,113524.7844,85556.957,0.33230000000000004
