,support,mape,rmse,mae,r2
train,16718.4,0.1621,41421.1066,28426.9528,0.8707
cv,233.0,0.22469999999999998,56902.4748,37158.3806,0.8182
unobserved,242.2,0.22449999999999998,58422.135200000004,36690.7114,0.8244
