,support,mape,rmse,mae,r2
train,16718.4,0.16210000000000002,41404.4281,28424.667199999996,0.8708
cv,928.9,0.20140000000000002,51631.9122,34433.1061,0.7993
unobserved,990.7,0.19970000000000002,51762.532,34019.189300000005,0.8112
