,support,mape,rmse,mae,r2
train,16718.4,0.1621,41429.8551,28433.0398,0.8705
cv,185.6,0.21610000000000001,58290.631499999996,39546.7172,0.7872999999999999
unobserved,189.0,0.20139999999999997,56614.4002,37258.984599999996,0.8103999999999999
