,support,mape,rmse,mae,r2
train,16718.4,0.16210000000000002,41409.956900000005,28431.985399999998,0.8705999999999999
cv,1833.0,0.178,47415.993899999994,31820.971800000007,0.8295999999999999
unobserved,2030.6,0.1703,44026.7811,30310.7964,0.8578999999999999
