,support,mape,rmse,mae,r2
train,16718.4,0.1621,41421.1066,28426.9528,0.8707
cv,1624.6,0.1749,46392.0247,31397.0592,0.8273999999999999
unobserved,1821.8,0.1737,43909.96620000001,30432.0071,0.8498999999999999
