,support,mape,rmse,mae,r2
train,16718.4,0.1621,41429.8551,28433.0398,0.8705
cv,1672.0,0.1775,46552.602999999996,31323.3427,0.8312999999999999
unobserved,1875.0,0.17739999999999997,44675.723099999996,30571.300700000003,0.8497999999999999
