,support,mape,rmse,mae,r2
train,1182.6,0.028900000000000002,10241.5409,5016.3661999999995,0.9833000000000001
cv,4.3,0.08780000000000002,30801.7741,22101.789300000004,0.7894999999999999
unobserved,5.4,0.0833,16632.9143,13718.304699999999,0.7688
