,support,mape,rmse,mae,r2
train,37092.7,902622962121521.8,1708.2714,1459.9469,0.2543
cv,4338.3,877772072462828.0,1753.4517,1501.9564999999998,0.2218
unobserved,4821.0,2.5705,1741.5479,1491.7881000000002,0.2243
