,support,mape,rmse,mae,r2
train,19523.7,1711957674710249.5,1702.3050000000003,1455.5368,0.26839999999999997
cv,4338.3,904635225282888.0,1790.9850999999999,1532.9360000000001,0.18810000000000002
unobserved,4821.0,2.9028,1788.1096000000002,1532.4497,0.1825
