,support,mape,rmse,mae,r2
train,24680.7,0.3906,1983041.0631000001,1216946.5042,0.8302999999999999
cv,1367.0,0.47829999999999995,2547643.6024,1422241.3384,0.5861
unobserved,1511.7,0.4904,2325954.8537,1389507.6141999997,0.6174000000000001
