,support,mape,rmse,mae,r2
train,36946.2,462016218461736.9,1721.9448,1474.3013999999998,0.248
cv,4338.3,841519999964968.1,1758.4116000000001,1506.0051999999998,0.21760000000000002
unobserved,4821.0,2.5945,1748.4738000000002,1498.3025,0.2182
