,support,mape,rmse,mae,r2
train,1182.6,0.029000000000000005,10275.819899999999,5039.4075,0.9831000000000001
cv,12.9,0.14299999999999996,29124.125500000002,17875.1099,0.7724
unobserved,9.6,0.13419999999999999,26895.201899999996,19423.9135,0.7207999999999999
