,support,mape,rmse,mae,r2
train,1182.6,0.028600000000000004,10208.2314,5009.6824,0.9833000000000001
cv,66.0,0.11290000000000003,33295.4532,19847.848299999998,0.8865000000000001
unobserved,74.7,0.10640000000000001,43701.7395,22485.353999999996,0.8372999999999999
