,support,mape,rmse,mae,r2
train,1182.6,0.028800000000000003,10129.108100000001,4995.3266,0.9834999999999999
cv,5.2,0.22010000000000002,61240.02030000001,43507.3132,0.3868
unobserved,4.1,0.22010000000000002,140286.82080000004,91884.42150000001,0.7133
