,support,mape,rmse,mae,r2
train,36116.7,922978366900876.4,1714.9023000000002,1466.5777000000003,0.2556
cv,4338.3,871102139023949.2,1754.58,1503.0788000000002,0.2209
unobserved,4821.0,2.5677,1742.1556,1491.7421,0.22390000000000004
