,support,mape,rmse,mae,r2
train,36116.7,932087986905390.4,1701.2201,1453.0039000000002,0.2569
cv,4338.3,883559027224846.6,1753.5075000000002,1501.6744,0.22190000000000004
unobserved,4821.0,2.5712,1741.8329,1491.9214,0.2242
