,support,mape,rmse,mae,r2
train,37092.7,902447702689194.8,1692.4423,1439.9116,0.2681
cv,4338.3,873431675709670.9,1746.3439000000003,1491.2797,0.22820000000000001
unobserved,4821.0,2.5025,1732.9152,1479.2218,0.23199999999999998
