,support,mape,rmse,mae,r2
train,38068.7,877581184832238.8,1698.4693,1445.9275,0.26630000000000004
cv,4338.3,896097500502169.5,1745.9108,1490.4971,0.2287
unobserved,4821.0,2.4894,1731.8998,1478.512,0.23300000000000004
