,support,mape,rmse,mae,r2
train,31236.0,1067770850332754.8,1654.4348999999997,1400.4414000000002,0.28809999999999997
cv,4338.3,886348567651759.6,1751.6735,1497.6905,0.22350000000000003
unobserved,4821.0,2.5072,1735.6274,1483.6631,0.22959999999999997
