,support,mape,rmse,mae,r2
train,1182.6,0.029000000000000005,10275.819899999999,5039.4075,0.9831000000000001
cv,118.5,0.08589999999999999,25333.4865,15457.454700000002,0.8903000000000001
unobserved,136.4,0.08589999999999999,33500.758200000004,17013.456199999997,0.8351000000000001
