,support,mape,rmse,mae,r2
train,1182.6,0.028600000000000004,10208.2314,5009.6824,0.9833000000000001
cv,65.4,0.07170000000000001,16818.0343,11907.003,0.8503000000000001
unobserved,71.3,0.0716,17723.7564,11841.028900000001,0.7879000000000002
