,support,mape,rmse,mae,r2
train,16718.4,0.16210000000000002,41404.4281,28424.667199999996,0.8708
cv,928.7,0.16149999999999998,43978.090599999996,29952.446399999997,0.8528
unobserved,1073.3,0.1608,39580.2836,28511.419799999996,0.882
